evo,evd,ppo,ppd,penalty
0.7549570104230472,0.0,0.1176027519460144,0.0,0.0
